-- phpMyAdmin SQL Dump
-- version 5.2.1
-- https://www.phpmyadmin.net/
--
-- Host: localhost:3306
-- Generation Time: Jul 03, 2023 at 05:20 AM
-- Server version: 10.5.20-MariaDB
-- PHP Version: 7.3.33

SET SQL_MODE = "NO_AUTO_VALUE_ON_ZERO";
START TRANSACTION;
SET time_zone = "+00:00";


/*!40101 SET @OLD_CHARACTER_SET_CLIENT=@@CHARACTER_SET_CLIENT */;
/*!40101 SET @OLD_CHARACTER_SET_RESULTS=@@CHARACTER_SET_RESULTS */;
/*!40101 SET @OLD_COLLATION_CONNECTION=@@COLLATION_CONNECTION */;
/*!40101 SET NAMES utf8mb4 */;

--
-- Database: `id20921239_hms`
--

-- --------------------------------------------------------

--
-- Table structure for table `admin`
--

CREATE TABLE `admin` (
  `id` int(11) NOT NULL,
  `username` varchar(255) NOT NULL,
  `password` varchar(255) NOT NULL,
  `updationDate` varchar(255) NOT NULL
) ENGINE=InnoDB DEFAULT CHARSET=latin1 COLLATE=latin1_swedish_ci;

--
-- Dumping data for table `admin`
--

INSERT INTO `admin` (`id`, `username`, `password`, `updationDate`) VALUES
(1, 'admin', 'admin123', '30-10-2022 11:42:05 AM'),
(2, 'dhondup', 'adminisdhondup', '30-10-2022 11:42:05 AM');

-- --------------------------------------------------------

--
-- Table structure for table `appointment`
--

CREATE TABLE `appointment` (
  `id` int(11) NOT NULL,
  `doctorSpecialization` varchar(255) DEFAULT NULL,
  `doctorId` int(11) DEFAULT NULL,
  `userId` int(11) DEFAULT NULL,
  `consultancyFees` int(11) DEFAULT NULL,
  `appointmentDate` varchar(255) DEFAULT NULL,
  `appointmentTime` varchar(255) DEFAULT NULL,
  `postingDate` timestamp NULL DEFAULT current_timestamp(),
  `userStatus` int(11) DEFAULT NULL,
  `doctorStatus` int(11) DEFAULT NULL,
  `updationDate` timestamp NULL DEFAULT NULL ON UPDATE current_timestamp()
) ENGINE=InnoDB DEFAULT CHARSET=latin1 COLLATE=latin1_swedish_ci;

--
-- Dumping data for table `appointment`
--

INSERT INTO `appointment` (`id`, `doctorSpecialization`, `doctorId`, `userId`, `consultancyFees`, `appointmentDate`, `appointmentTime`, `postingDate`, `userStatus`, `doctorStatus`, `updationDate`) VALUES
(1, 'ENT', 1, 1, 500, '2022-11-10', '12:45 PM', '2022-11-06 12:21:48', 1, 0, '2022-11-06 12:23:35'),
(2, 'ENT', 1, 2, 500, '2022-11-17', '7:00 PM', '2022-11-06 13:16:18', 1, 1, NULL),
(3, 'Orthopedics', 4, 4, 1200, '2023-06-14', '11:30 PM', '2023-06-16 17:33:32', 1, 1, NULL),
(4, 'Orthopedics', 4, 3, 1200, '2023-06-14', '12:00 PM', '2023-06-17 06:10:44', 1, 1, NULL),
(5, 'Dental Care', 5, 3, 2000, '2023-06-15', '8:30 PM', '2023-06-17 14:38:45', 1, 0, '2023-06-17 14:40:13'),
(6, 'Dental Care', 5, 3, 2000, '2023-06-27', '8:00 PM', '2023-06-30 14:05:54', 1, 1, NULL);

-- --------------------------------------------------------

--
-- Table structure for table `doctors`
--

CREATE TABLE `doctors` (
  `id` int(11) NOT NULL,
  `specilization` varchar(255) DEFAULT NULL,
  `doctorName` varchar(255) DEFAULT NULL,
  `address` longtext DEFAULT NULL,
  `docFees` varchar(255) DEFAULT NULL,
  `contactno` bigint(11) DEFAULT NULL,
  `docEmail` varchar(255) DEFAULT NULL,
  `password` varchar(255) DEFAULT NULL,
  `creationDate` timestamp NULL DEFAULT current_timestamp(),
  `updationDate` timestamp NULL DEFAULT NULL ON UPDATE current_timestamp()
) ENGINE=InnoDB DEFAULT CHARSET=latin1 COLLATE=latin1_swedish_ci;

--
-- Dumping data for table `doctors`
--

INSERT INTO `doctors` (`id`, `specilization`, `doctorName`, `address`, `docFees`, `contactno`, `docEmail`, `password`, `creationDate`, `updationDate`) VALUES
(1, 'ENT', 'AJ Ram', 'Khairahani - 03 ,Chainpur ,Chitwan', '500', 142536250, 'AJK@test.com', 'f925916e2754e5e03f75dd58a5733251', '2022-10-30 18:16:52', '2023-06-16 11:27:38'),
(2, 'Endocrinologists', 'Abiral Shrestha', 'Khairahani - 08 , Laxmi Nagar ,Chitwan', '800', 1231231230, 'Abiral@test.com', 'f925916e2754e5e03f75dd58a5733251', '2022-11-04 01:06:41', NULL),
(4, 'Orthopedics', 'Ram lal Subedi', 'Rapti-1', '1200', 9804210213, 'doctorram@gmail.com', 'c9a2c96cd599eca3ba0a2e2a471043e3', '2023-06-16 17:32:27', NULL),
(5, 'Dental Care', 'Dr.Bishwokarma Wagle', 'Parsa', '2000', 98103913002, 'Wagle@gmail.com', 'e336944d80e016be2e14673001edfaac', '2023-06-17 14:38:07', NULL);

-- --------------------------------------------------------

--
-- Table structure for table `doctorslog`
--

CREATE TABLE `doctorslog` (
  `id` int(11) NOT NULL,
  `uid` int(11) DEFAULT NULL,
  `username` varchar(255) DEFAULT NULL,
  `userip` binary(16) DEFAULT NULL,
  `loginTime` timestamp NULL DEFAULT current_timestamp(),
  `logout` varchar(255) DEFAULT NULL,
  `status` int(11) DEFAULT NULL
) ENGINE=InnoDB DEFAULT CHARSET=latin1 COLLATE=latin1_swedish_ci;

--
-- Dumping data for table `doctorslog`
--

INSERT INTO `doctorslog` (`id`, `uid`, `username`, `userip`, `loginTime`, `logout`, `status`) VALUES
(27, 5, 'wagle@gmail.com', 0x34392e3234342e3136392e3137340000, '2023-06-17 14:39:44', NULL, 1);

-- --------------------------------------------------------

--
-- Table structure for table `doctorspecilization`
--

CREATE TABLE `doctorspecilization` (
  `id` int(11) NOT NULL,
  `specilization` varchar(255) DEFAULT NULL,
  `creationDate` timestamp NULL DEFAULT current_timestamp(),
  `updationDate` timestamp NULL DEFAULT NULL ON UPDATE current_timestamp()
) ENGINE=InnoDB DEFAULT CHARSET=latin1 COLLATE=latin1_swedish_ci;

--
-- Dumping data for table `doctorspecilization`
--

INSERT INTO `doctorspecilization` (`id`, `specilization`, `creationDate`, `updationDate`) VALUES
(1, 'Orthopedics', '2022-10-30 18:09:46', NULL),
(2, 'Internal Medicine', '2022-10-30 18:09:57', NULL),
(3, 'Obstetrics and Gynecology', '2022-10-30 18:10:18', NULL),
(4, 'Dermatology', '2022-10-30 18:10:28', NULL),
(5, 'Pediatrics', '2022-10-30 18:10:37', NULL),
(6, 'Radiology', '2022-10-30 18:10:46', NULL),
(7, 'General Surgery', '2022-10-30 18:10:56', NULL),
(8, 'Ophthalmology', '2022-10-30 18:11:03', NULL),
(9, 'Anesthesia', '2022-10-30 18:11:15', NULL),
(10, 'Pathology', '2022-10-30 18:11:22', NULL),
(11, 'ENT', '2022-10-30 18:11:30', NULL),
(12, 'Dental Care', '2022-10-30 18:11:39', NULL),
(13, 'Dermatologists', '2022-10-30 18:12:02', NULL),
(14, 'Endocrinologists', '2022-10-30 18:12:10', NULL),
(15, 'Neurologists', '2022-10-30 18:12:30', NULL);

-- --------------------------------------------------------

--
-- Table structure for table `tblcontactus`
--

CREATE TABLE `tblcontactus` (
  `id` int(11) NOT NULL,
  `fullname` varchar(255) DEFAULT NULL,
  `email` varchar(255) DEFAULT NULL,
  `contactno` bigint(12) DEFAULT NULL,
  `message` mediumtext DEFAULT NULL,
  `PostingDate` timestamp NULL DEFAULT current_timestamp(),
  `AdminRemark` mediumtext DEFAULT NULL,
  `LastupdationDate` timestamp NULL DEFAULT NULL ON UPDATE current_timestamp(),
  `IsRead` int(11) DEFAULT NULL
) ENGINE=InnoDB DEFAULT CHARSET=latin1 COLLATE=latin1_swedish_ci;

-- --------------------------------------------------------

--
-- Table structure for table `tblmedicalhistory`
--

CREATE TABLE `tblmedicalhistory` (
  `ID` int(10) NOT NULL,
  `PatientID` int(10) DEFAULT NULL,
  `BloodPressure` varchar(200) DEFAULT NULL,
  `BloodSugar` varchar(200) NOT NULL,
  `Weight` varchar(100) DEFAULT NULL,
  `Temperature` varchar(200) DEFAULT NULL,
  `MedicalPres` mediumtext DEFAULT NULL,
  `CreationDate` timestamp NOT NULL DEFAULT current_timestamp() ON UPDATE current_timestamp()
) ENGINE=InnoDB DEFAULT CHARSET=latin1 COLLATE=latin1_swedish_ci;

--
-- Dumping data for table `tblmedicalhistory`
--

INSERT INTO `tblmedicalhistory` (`ID`, `PatientID`, `BloodPressure`, `BloodSugar`, `Weight`, `Temperature`, `MedicalPres`, `CreationDate`) VALUES
(1, 1, '80/120', '120', '85', '98', 'Test', '2022-11-06 13:19:41');

-- --------------------------------------------------------

--
-- Table structure for table `tblpage`
--

CREATE TABLE `tblpage` (
  `ID` int(10) NOT NULL,
  `PageType` varchar(200) DEFAULT NULL,
  `PageTitle` varchar(200) DEFAULT NULL,
  `PageDescription` mediumtext DEFAULT NULL,
  `Email` varchar(120) DEFAULT NULL,
  `MobileNumber` bigint(10) DEFAULT NULL,
  `UpdationDate` timestamp NULL DEFAULT current_timestamp(),
  `OpenningTime` varchar(255) DEFAULT NULL
) ENGINE=InnoDB DEFAULT CHARSET=utf8mb4 COLLATE=utf8mb4_general_ci;

--
-- Dumping data for table `tblpage`
--

INSERT INTO `tblpage` (`ID`, `PageType`, `PageTitle`, `PageDescription`, `Email`, `MobileNumber`, `UpdationDate`, `OpenningTime`) VALUES
(1, 'aboutus', 'About Us', '<ul style=\"padding: 0px; margin-right: 0px; margin-bottom: 1.313em; margin-left: 1.655em;\" times=\"\" new=\"\" roman\";=\"\" font-size:=\"\" 14px;=\"\" text-align:=\"\" center;=\"\" background-color:=\"\" rgb(255,=\"\" 246,=\"\" 246);\"=\"\"><li style=\"text-align: left;\"><font color=\"#000000\">The Hospital Management System (HMS) is designed for Any Hospital to replace their existing manual, paper based system. The new system is to control the following information; patient information, room availability, staff and operating room schedules, and patient invoices. These services are to be provided in an efficient, cost effective manner, with the goal of reducing the time and resources currently required for such tasks.</font></li><li style=\"text-align: left;\"><font color=\"#000000\">A significant part of the operation of any hospital involves the acquisition, management and timely retrieval of great volumes of information. This information typically involves; patient personal information and medical history, staff information, room and ward scheduling, staff scheduling, operating theater scheduling and various facilities waiting lists. All of this information must be managed in an efficient and cost wise fashion so that an institution\'s resources may be effectively utilized HMS will automate the management of the hospital making it more efficient and error free. It aims at standardizing data, consolidating data ensuring data integrity and reducing inconsistencies.&nbsp;</font></li></ul>', NULL, NULL, '2020-05-20 07:21:52', NULL),
(2, 'contactus', 'Contact Details', 'Khairahani - 08 , Parsa , Chitwan', 'dhondup@gmail.com', 9810213013, '2020-05-20 07:24:07', '9 am To 8 Pm');

-- --------------------------------------------------------

--
-- Table structure for table `tblpatient`
--

CREATE TABLE `tblpatient` (
  `ID` int(10) NOT NULL,
  `Docid` int(10) DEFAULT NULL,
  `PatientName` varchar(200) DEFAULT NULL,
  `PatientContno` bigint(10) DEFAULT NULL,
  `PatientEmail` varchar(200) DEFAULT NULL,
  `PatientGender` varchar(50) DEFAULT NULL,
  `PatientAdd` mediumtext DEFAULT NULL,
  `PatientAge` int(10) DEFAULT NULL,
  `PatientMedhis` mediumtext DEFAULT NULL,
  `CreationDate` timestamp NULL DEFAULT current_timestamp(),
  `UpdationDate` timestamp NULL DEFAULT NULL ON UPDATE current_timestamp()
) ENGINE=InnoDB DEFAULT CHARSET=latin1 COLLATE=latin1_swedish_ci;

--
-- Dumping data for table `tblpatient`
--

INSERT INTO `tblpatient` (`ID`, `Docid`, `PatientName`, `PatientContno`, `PatientEmail`, `PatientGender`, `PatientAdd`, `PatientAge`, `PatientMedhis`, `CreationDate`, `UpdationDate`) VALUES
(1, 1, 'Bikash Shrestha', 1231231230, 'bikash@gmail.com', 'male', 'Khairahani - 01 ,Bishalchowk', 35, 'NA', '2022-11-06 13:18:31', NULL);

-- --------------------------------------------------------

--
-- Table structure for table `userlog`
--

CREATE TABLE `userlog` (
  `id` int(11) NOT NULL,
  `uid` int(11) DEFAULT NULL,
  `username` varchar(255) DEFAULT NULL,
  `userip` binary(16) DEFAULT NULL,
  `loginTime` timestamp NULL DEFAULT current_timestamp(),
  `logout` varchar(255) DEFAULT NULL,
  `status` int(11) DEFAULT NULL
) ENGINE=InnoDB DEFAULT CHARSET=latin1 COLLATE=latin1_swedish_ci;

--
-- Dumping data for table `userlog`
--

INSERT INTO `userlog` (`id`, `uid`, `username`, `userip`, `loginTime`, `logout`, `status`) VALUES
(5, NULL, 'abiral shrestha', 0x34392e3234342e3232322e3231300000, '2023-06-16 13:45:44', NULL, 0),
(6, NULL, 'Abiral shrestha', 0x34392e3234342e3232322e3231300000, '2023-06-16 13:46:04', NULL, 0),
(7, NULL, 'abiral@gmail.com', 0x34392e3234342e3232322e3231300000, '2023-06-16 13:46:34', NULL, 0),
(8, NULL, 'Abiral Shrestha', 0x34392e3234342e3232322e3231300000, '2023-06-16 13:48:46', NULL, 0),
(9, 4, 'abiral.shrestha36@gmail.com', 0x34392e3234342e3232322e3231300000, '2023-06-16 17:30:20', '16-06-2023 11:03:55 PM', 1),
(10, NULL, 'Abiral Shrestha', 0x34392e3234342e3231362e3231380000, '2023-06-17 06:09:13', NULL, 0),
(11, 3, 'abiral.shrestha@gmail.com', 0x34392e3234342e3231362e3231380000, '2023-06-17 06:09:49', '17-06-2023 11:41:13 AM', 1),
(12, NULL, 'abiral@gmail.com', 0x34392e3234342e3136392e3137340000, '2023-06-17 14:34:52', NULL, 0),
(13, NULL, 'dhondup', 0x34392e3234342e3136392e3137340000, '2023-06-17 14:35:04', NULL, 0),
(14, NULL, 'abiral@gmail.com', 0x34392e3234342e3136392e3137340000, '2023-06-17 14:35:20', NULL, 0),
(15, 3, 'abiral.shrestha@gmail.com', 0x34392e3234342e3136392e3137340000, '2023-06-17 14:36:02', NULL, 1),
(16, 3, 'abiral.shrestha@gmail.com', 0x34392e3234342e3136392e3137340000, '2023-06-17 14:36:04', NULL, 1),
(17, 3, 'abiral.shrestha@gmail.com', 0x34392e3234342e3232382e3232360000, '2023-06-25 06:58:52', NULL, 1),
(18, 3, 'abiral.shrestha@gmail.com ', 0x34392e3234342e3135342e3136340000, '2023-06-30 14:05:24', NULL, 1);

-- --------------------------------------------------------

--
-- Table structure for table `users`
--

CREATE TABLE `users` (
  `id` int(11) NOT NULL,
  `fullName` varchar(255) DEFAULT NULL,
  `address` longtext DEFAULT NULL,
  `city` varchar(255) DEFAULT NULL,
  `gender` varchar(255) DEFAULT NULL,
  `email` varchar(255) DEFAULT NULL,
  `password` varchar(255) DEFAULT NULL,
  `regDate` timestamp NULL DEFAULT current_timestamp(),
  `updationDate` timestamp NULL DEFAULT NULL ON UPDATE current_timestamp()
) ENGINE=InnoDB DEFAULT CHARSET=latin1 COLLATE=latin1_swedish_ci;

--
-- Dumping data for table `users`
--

INSERT INTO `users` (`id`, `fullName`, `address`, `city`, `gender`, `email`, `password`, `regDate`, `updationDate`) VALUES
(1, 'JB Hari', 'Ratnanagar - 02 , Chitwan', 'Tandi', 'male', 'JK@test.com', 'f925916e2754e5e03f75dd58a5733251', '2022-11-06 12:13:56', NULL),
(2, 'Bikash Shrestha', 'Khairahani -01 , Bishalchowk', 'Parsa', 'male', 'Bikash@gmail.com', 'f925916e2754e5e03f75dd58a5733251', '2022-11-06 13:15:32', NULL),
(3, 'Abiral Shrestha', 'Magani chowk', 'Parsa', 'male', 'abiral.shrestha@gmail.com', 'f53240d84b6c4dd09e1347b7f8c0dfb6', '2023-06-16 13:45:09', NULL),
(4, 'Abiral Shrestha', 'Parsa', 'Chitwan', 'male', 'abiral.shrestha36@gmail.com', '87e08d8fed38e6b619261e7bdd3d41c6', '2023-06-16 17:29:35', NULL);

--
-- Indexes for dumped tables
--

--
-- Indexes for table `admin`
--
ALTER TABLE `admin`
  ADD PRIMARY KEY (`id`);

--
-- Indexes for table `appointment`
--
ALTER TABLE `appointment`
  ADD PRIMARY KEY (`id`);

--
-- Indexes for table `doctors`
--
ALTER TABLE `doctors`
  ADD PRIMARY KEY (`id`);

--
-- Indexes for table `doctorslog`
--
ALTER TABLE `doctorslog`
  ADD PRIMARY KEY (`id`);

--
-- Indexes for table `doctorspecilization`
--
ALTER TABLE `doctorspecilization`
  ADD PRIMARY KEY (`id`);

--
-- Indexes for table `tblcontactus`
--
ALTER TABLE `tblcontactus`
  ADD PRIMARY KEY (`id`);

--
-- Indexes for table `tblmedicalhistory`
--
ALTER TABLE `tblmedicalhistory`
  ADD PRIMARY KEY (`ID`);

--
-- Indexes for table `tblpage`
--
ALTER TABLE `tblpage`
  ADD PRIMARY KEY (`ID`);

--
-- Indexes for table `tblpatient`
--
ALTER TABLE `tblpatient`
  ADD PRIMARY KEY (`ID`);

--
-- Indexes for table `userlog`
--
ALTER TABLE `userlog`
  ADD PRIMARY KEY (`id`);

--
-- Indexes for table `users`
--
ALTER TABLE `users`
  ADD PRIMARY KEY (`id`),
  ADD KEY `email` (`email`);

--
-- AUTO_INCREMENT for dumped tables
--

--
-- AUTO_INCREMENT for table `admin`
--
ALTER TABLE `admin`
  MODIFY `id` int(11) NOT NULL AUTO_INCREMENT, AUTO_INCREMENT=3;

--
-- AUTO_INCREMENT for table `appointment`
--
ALTER TABLE `appointment`
  MODIFY `id` int(11) NOT NULL AUTO_INCREMENT, AUTO_INCREMENT=7;

--
-- AUTO_INCREMENT for table `doctors`
--
ALTER TABLE `doctors`
  MODIFY `id` int(11) NOT NULL AUTO_INCREMENT, AUTO_INCREMENT=6;

--
-- AUTO_INCREMENT for table `doctorslog`
--
ALTER TABLE `doctorslog`
  MODIFY `id` int(11) NOT NULL AUTO_INCREMENT, AUTO_INCREMENT=28;

--
-- AUTO_INCREMENT for table `doctorspecilization`
--
ALTER TABLE `doctorspecilization`
  MODIFY `id` int(11) NOT NULL AUTO_INCREMENT, AUTO_INCREMENT=18;

--
-- AUTO_INCREMENT for table `tblcontactus`
--
ALTER TABLE `tblcontactus`
  MODIFY `id` int(11) NOT NULL AUTO_INCREMENT, AUTO_INCREMENT=3;

--
-- AUTO_INCREMENT for table `tblmedicalhistory`
--
ALTER TABLE `tblmedicalhistory`
  MODIFY `ID` int(10) NOT NULL AUTO_INCREMENT, AUTO_INCREMENT=2;

--
-- AUTO_INCREMENT for table `tblpage`
--
ALTER TABLE `tblpage`
  MODIFY `ID` int(10) NOT NULL AUTO_INCREMENT, AUTO_INCREMENT=3;

--
-- AUTO_INCREMENT for table `tblpatient`
--
ALTER TABLE `tblpatient`
  MODIFY `ID` int(10) NOT NULL AUTO_INCREMENT, AUTO_INCREMENT=2;

--
-- AUTO_INCREMENT for table `userlog`
--
ALTER TABLE `userlog`
  MODIFY `id` int(11) NOT NULL AUTO_INCREMENT, AUTO_INCREMENT=19;

--
-- AUTO_INCREMENT for table `users`
--
ALTER TABLE `users`
  MODIFY `id` int(11) NOT NULL AUTO_INCREMENT, AUTO_INCREMENT=5;
COMMIT;

/*!40101 SET CHARACTER_SET_CLIENT=@OLD_CHARACTER_SET_CLIENT */;
/*!40101 SET CHARACTER_SET_RESULTS=@OLD_CHARACTER_SET_RESULTS */;
/*!40101 SET COLLATION_CONNECTION=@OLD_COLLATION_CONNECTION */;
